draws,first_name,height,last_name,losses,reach,stance,url,weight,wins,fighter_id
0,David,"6' 0""",Abbott,14,--,Switch,"b361180739bed4b0""",265 lbs.,10,0
0,Shamil,"6' 3""",Abdurakhimov,4,"76.0""",Orthodox,"2f5cbecbbe18bac4""",235 lbs.,18,1
3,Hiroyuki,"5' 6""",Abe,14,--,Orthodox,"c0ed7b208197e8de""",145 lbs.,8,2
0,Daniel,"5' 8""",Acacio,12,--,Orthodox,"1c5879330d42255f""",180 lbs.,26,3
2,Sam,"6' 3""",Adkins,20,--,Orthodox,"0e9869d712e81f8f""",225 lbs.,7,4
0,Nick,"5' 8""",Agallar,6,--,Orthodox,"ebc5af72ad5a28cb""",155 lbs.,24,5
0,Edwin,"5' 10""",Aguilar,16,--,,"6cadc0a0ba7dc015""",185 lbs.,22,6
0,Jessica,"5' 3""",Aguilar,6,"63.0""",Orthodox,"8f382b3baa954d2a""",115 lbs.,19,7
1,Mike,"5' 9""",Aina,6,--,Orthodox,"9e3dbb9c68ed5d1a""",155 lbs.,12,8
0,Hitomi,"5' 4""",Akano,8,--,Southpaw,"2eada40ac8801559""",135 lbs.,18,9
1,Omari,"6' 0""",Akhmedov,4,"73.0""",Orthodox,"16690d100f995f8f""",185 lbs.,17,10
0,Yoshihiro,"5' 10""",Akiyama,6,"73.0""",Orthodox,"b0550072e5f0afa7""",170 lbs.,14,11
0,Razak,"6' 2""",Al-Hassan,5,--,Orthodox,"38b50fd1e1b5b656""",205 lbs.,11,12
0,Seth,"6' 3""",Baczynski,11,"74.0""",Orthodox,"fd5b6598a3b70c0a""",170 lbs.,18,13
0,Ryan,"6' 2""",Bader,5,"74.0""",Orthodox,"c0ab242c40decc55""",205 lbs.,23,14
0,Ali,"5' 4""",Bagautinov,5,"65.0""",Orthodox,"3dd92ff9fb0412b3""",125 lbs.,14,15
0,Mehdi,"6' 1""",Baghdad,4,"75.0""",Orthodox,"e4d2564ea0e34e2b""",155 lbs.,11,16
1,Siyar,"5' 11""",Bahadurzada,6,"73.0""",Orthodox,"aec185309b4843d0""",185 lbs.,23,17
0,Shamar,"5' 9""",Bailey,5,"75.0""",,"e2b8186b618b00c4""",155 lbs.,12,18
0,Bryan,"6' 3""",Baker,3,--,Orthodox,"898337ef520fe4d3""",185 lbs.,16,19
0,Marcin,"5' 10""",Bandel,4,"70.0""",Orthodox,"5c2ce761399dc9c5""",155 lbs.,13,20
0,Humberto,"5' 11""",Bandenay,4,--,Southpaw,"2c2caf2f2bab9df5""",145 lbs.,14,21
0,Tae Hyun,"5' 9""",Bang,10,"71.0""",Switch,"9a2d3567abc02e34""",155 lbs.,18,22
1,Antonio,"5' 5""",Banuelos,7,"63.0""",Orthodox,"9ddfb3369a3b0394""",135 lbs.,19,23
0,Renan,"5' 6""",Barao,6,"70.0""",Orthodox,"2c99576fefe53c7c""",135 lbs.,36,24
0,Bryan,"6' 0""",Barberena,5,"72.0""",Southpaw,"a331233f597090a5""",170 lbs.,13,25
0,Edson,"5' 11""",Barboza,5,"75.0""",Orthodox,"64a50dad704d1d49""",155 lbs.,19,26
0,Yan,"5' 11""",Cabral,3,"73.0""",Orthodox,"7cdd3e5d3aa9cb39""",155 lbs.,12,27
0,Alvin,"5' 6""",Cacdac,11,--,Orthodox,"ce7871949b0ed2bf""",125 lbs.,16,28
0,Alex,"5' 10""",Caceres,11,"73.0""",Southpaw,"7aa3d6964eff4877""",145 lbs.,13,29
3,Joe,"5' 9""",Camacho,16,--,Orthodox,"dfb965c9824425db""",155 lbs.,13,30
0,Frank,"5' 10""",Camacho,6,"73.0""",Orthodox,"764342d39cdaa54a""",170 lbs.,21,31
1,Fabricio,"5' 10""",Camoes,9,"73.0""",Orthodox,"7abe471b61725980""",155 lbs.,14,32
0,Chris,"6' 2""",Camozzi,13,"76.0""",Orthodox,"6c2030e0a143a94b""",185 lbs.,24,33
0,Shane,"6' 0""",Campbell,6,"71.0""",Orthodox,"784285b7ae7dd85f""",155 lbs.,12,34
0,Wagner,"5' 6""",Campos,4,--,Southpaw,"db6d5f691aea3fd3""",145 lbs.,11,35
0,Derek,"5' 9""",Campos,6,--,,"aa8dc72b3a1f761c""",155 lbs.,19,36
0,Will,"5' 9""",Campuzano,6,"70.0""",Orthodox,"901cddcbfa079097""",125 lbs.,13,37
0,Chico,"5' 6""",Camus,7,"66.0""",Orthodox,"32be4b7f7de1c905""",125 lbs.,14,38
0,Luiz,"6' 2""",Cane,5,"77.0""",Southpaw,"24b033b3daf1c9df""",185 lbs.,12,39
0,Jussier,"5' 5""",Formiga,5,"67.0""",Orthodox,"b102c26727306ab6""",125 lbs.,21,40
0,Henrique,"6' 3""",da Silva,4,"76.0""",Orthodox,"b0bd0c5425668b8f""",205 lbs.,12,41
1,Nicolas,"5' 11""",Dalby,2,"74.0""",Orthodox,"9d19d9e4aa2662e8""",170 lbs.,14,42
2,Paul,"5' 9""",Daley,11,"76.0""",Orthodox,"23725c826c481e7f""",170 lbs.,31,43
2,Dave,"6' 2""",Dalgliesh,19,--,Orthodox,"ddbd0d6259ce57cc""",205 lbs.,30,44
0,Aisling,"5' 2""",Daly,6,"64.0""",,"e50cd77732d39967""",115 lbs.,16,45
0,Rodrigo,"5' 7""",Damm,9,"71.0""",Orthodox,"a20d7dfaba74c067""",155 lbs.,12,46
0,Carina,"5' 4""",Damm,6,--,,"033343da4c0cff8a""",135 lbs.,17,47
0,Eduardo,"5' 10""",Dantas,4,--,,"676a2e5ec4d7338c""",135 lbs.,20,48
1,Mac,"5' 8""",Danzig,12,"70.0""",Orthodox,"86f582852a5b240a""",155 lbs.,22,49
1,Beneil,"5' 10""",Dariush,4,"72.0""",Southpaw,"08af939f41b5a57b""",155 lbs.,14,50
0,Ben,"5' 8""",Earwood,3,--,Orthodox,"ee457ef1e1c326c1""",170 lbs.,12,51
0,Cody,"6' 3""",East,3,"74.0""",Orthodox,"5713c1d2fac539ac""",245 lbs.,12,52
1,Marvin,"5' 9""",Eastman,14,"73.0""",Orthodox,"05866d8c3a321856""",185 lbs.,17,53
0,Mike,"5' 6""",Easton,5,"70.0""",Southpaw,"bc7230f231701d66""",135 lbs.,13,54
0,Maurice,"5' 7""",Eazel,15,--,,"4acb99524a9a81ab""",135 lbs.,7,55
0,Ross,"5' 9""",Ebanez,8,--,Southpaw,"a5b0bd216d8ba84e""",154 lbs.,20,56
1,Brian,"6' 0""",Ebersole,17,"73.0""",Southpaw,"32ba186f4b0e3267""",170 lbs.,51,57
1,Frankie,"5' 6""",Edgar,6,"68.0""",Orthodox,"f2688492b9a525a3""",145 lbs.,21,58
0,Abdul-Kerim,"6' 2""",Edilov,4,"78.0""",Orthodox,"37e03538c960bac6""",205 lbs.,17,59
0,Johnny,"5' 7""",Eduardo,11,"71.0""",Orthodox,"528c24b99fbaab79""",135 lbs.,28,60
1,Yves,"5' 9""",Edwards,22,"73.0""",Southpaw,"5f04e3d58d9ce982""",155 lbs.,42,61
0,Leon,"6' 0""",Edwards,3,"74.0""",Southpaw,"f1fac969a1d70b08""",170 lbs.,15,62
1,Justin,"6' 1""",Eilers,7,--,Orthodox,"27fc9218a3653e3c""",235 lbs.,19,63
1,Per,"5' 10""",Eklund,5,"72.0""",Orthodox,"58bc81376286b3d3""",155 lbs.,14,64
0,Darren,"5' 10""",Elkins,5,"71.0""",Orthodox,"92a9aa9c93192871""",145 lbs.,25,65
0,Jake,"5' 9""",Ellenberger,13,"71.0""",Orthodox,"d81ac739417d7f53""",170 lbs.,31,66
0,Joe,"5' 9""",Ellenberger,2,"72.0""",Orthodox,"8e8e4487c621aa1c""",155 lbs.,15,67
0,Urijah,"5' 6""",Faber,10,"67.0""",Orthodox,"78114b7199cef90c""",135 lbs.,34,68
0,Wagnney,"5' 6""",Fabiano,3,"69.0""",Southpaw,"40389d39a92f5bfa""",145 lbs.,14,69
0,Bartosz,"6' 0""",Fabinski,2,"75.0""",Orthodox,"e17ac6410c8377f4""",185 lbs.,13,70
0,Ron,"5' 9""",Faircloth,20,--,Orthodox,"453ee00c3e1ae9dd""",205 lbs.,33,71
0,Maiquel,"5' 11""",Falcao,4,--,Orthodox,"d58478ded5534695""",185 lbs.,28,72
0,Brodie,"6' 1""",Farber,6,--,Orthodox,"91d73ee59347ac16""",170 lbs.,14,73
1,Kalindra,"5' 7""",Faria,7,--,Switch,"27b164b0d1833df0""",125 lbs.,18,74
3,Rodney,"6' 0""",Faverus,19,--,Southpaw,"5af26b3201690d29""",215 lbs.,25,75
0,Paul,"5' 11""",Felder,3,"70.0""",Orthodox,"e5010b1b94ca5755""",155 lbs.,15,76
0,Tony,"5' 11""",Ferguson,3,"76.0""",Orthodox,"22a92d7f62195791""",155 lbs.,24,77
3,CJ,"6' 2""",Fernandes,8,--,,"979f7edbb6980b0d""",170 lbs.,14,78
0,Alexandre,"5' 7""",Ferreira,6,--,Orthodox,"28ba5f27e473420c""",205 lbs.,18,79
0,Cezar,"6' 1""",Ferreira,6,"78.0""",Southpaw,"dbc17725b887860a""",185 lbs.,13,80
0,Claudia,"5' 4""",Gadelha,3,"63.0""",Orthodox,"ec34349e7dffcde7""",115 lbs.,15,81
1,Alavutdin,"6' 2""",Gadjiev,12,--,Orthodox,"a7a79b8efbceaaac""",185 lbs.,18,82
0,Justin,"5' 11""",Gaethje,2,"70.0""",Orthodox,"9e8f6c728eb01124""",155 lbs.,18,83
1,Sheila,"5' 5""",Gaff,6,"62.0""",Orthodox,"837d30395faca41e""",135 lbs.,10,84
0,Mitch,"5' 5""",Gagnon,4,"65.0""",Southpaw,"b8592b4a383696cd""",135 lbs.,12,85
0,Brandon,"6' 3""",Gaines,16,--,,"8e6cfbd455f0f9c2""",185 lbs.,5,86
0,Travis,"6' 0""",Galbraith,7,--,Orthodox,"06dc1a58663579d2""",170 lbs.,18,87
0,Zelg,"6' 2""",Galesic,6,--,Orthodox,"8a1b4330c7957961""",185 lbs.,10,88
0,Tom,"5' 10""",Gallicchio,11,"73.0""",Southpaw,"cc81c92fe2254935""",170 lbs.,19,89
1,Marcos,"5' 7""",Galvao,5,--,Orthodox,"e15d0a2519d6a0b5""",135 lbs.,11,90
0,Manvel,"5' 5""",Gamburyan,11,"67.0""",Orthodox,"cc6f9d1e89f3449a""",135 lbs.,18,91
1,Leonard,"5' 10""",Garcia,11,"69.0""",Orthodox,"917e53fa0adea0d3""",145 lbs.,19,92
0,Edgar,"5' 10""",Garcia,5,"71.0""",Orthodox,"8d49545dadf9b919""",170 lbs.,14,93
0,Damir,"5' 9""",Hadzovic,4,"70.0""",Orthodox,"38c626ca912c7bac""",155 lbs.,11,94
0,Tim,"6' 4""",Hague,5,"76.0""",Orthodox,"219a254e15d60135""",260 lbs.,13,95
0,Uriah,"6' 0""",Hall,8,"79.0""",Orthodox,"65578a75fa7900e3""",185 lbs.,14,96
2,Dennis,"5' 9""",Hallman,14,"72.0""",Orthodox,"8a8a84b743ae7699""",155 lbs.,67,97
0,Piotr,"5' 9""",Hallmann,5,"71.0""",Orthodox,"a3be148af5c7b088""",155 lbs.,15,98
0,John,"5' 9""",Halverson,7,--,Southpaw,"88c8f47241d90040""",155 lbs.,16,99
0,Seohee,"5' 2""",Ham,8,"62.0""",Southpaw,"165c244bcca3ed26""",115 lbs.,16,100
0,Matt,"6' 1""",Hamill,5,"76.0""",Orthodox,"98b80a717b9bda17""",205 lbs.,12,101
0,Anthony,"6' 5""",Hamilton,9,"76.0""",Orthodox,"c727c7d31c50c4cf""",260 lbs.,15,102
0,CJ,"5' 7""",Hamilton,4,"68.0""",Switch,"7da5839b223f3728""",125 lbs.,11,103
0,Jared,"6' 3""",Hamman,6,"75.0""",Orthodox,"23459ee7e373b98f""",185 lbs.,13,104
1,Joachim,"5' 7""",Hansen,11,--,Southpaw,"86e388ed20761ad9""",150 lbs.,22,105
1,Al,"5' 9""",Iaquinta,4,"70.0""",Orthodox,"59279a7c978f7da0""",155 lbs.,13,106
5,Seichi,"5' 11""",Ikemoto,17,--,Orthodox,"81f38d1640c4e70d""",168 lbs.,20,107
1,Mikhail,"5' 9""",Iloukhine,11,--,Orthodox,"b71667c778b6d9e5""",205 lbs.,30,108
2,Masakazu,"5' 4""",Imanari,9,--,Southpaw,"a4dd5c9a75763295""",139 lbs.,24,109
0,Brad,"6' 7""",Imes,7,--,Orthodox,"4908c5ee68a50ee5""",265 lbs.,13,110
0,Enson,"5' 10""",Inoue,8,--,Orthodox,"0cf935519d439ba6""",210 lbs.,12,111
0,Egan,"5' 9""",Inoue,8,--,Southpaw,"37a6c95201592fea""",190 lbs.,13,112
4,Katsuya,"5' 9""",Inoue,9,--,Southpaw,"b5882371e2a3900d""",168 lbs.,19,113
0,Takeshi,"5' 8""",Inoue,5,--,,"a61a0cd2829e5d4e""",145 lbs.,20,114
1,Jason,"5' 9""",Ireland,8,--,Southpaw,"05a0556072931f01""",161 lbs.,18,115
0,James,"6' 2""",Irvin,9,"75.0""",Orthodox,"a7f4d0902bb64092""",205 lbs.,15,116
0,Eric,"5' 8""",Irvin,4,--,,"a47c2a6e24757932""",155 lbs.,11,117
1,Mitsuhiro,"5' 6""",Ishida,7,--,Southpaw,"82f5c81f4e3c3eb5""",154 lbs.,20,118
2,Teruto,"5' 7""",Ishihara,5,"69.0""",Southpaw,"88cd34d836b4ebcd""",135 lbs.,11,119
0,Yves,"5' 7""",Jabouin,11,"68.0""",Orthodox,"b4eeac608fc82f88""",135 lbs.,20,120
1,Eugene,"5' 8""",Jackson,9,--,Orthodox,"ce783bf73b5131f9""",185 lbs.,15,121
0,Rampage,"6' 1""",Jackson,11,"73.0""",Orthodox,"ffc088e64fab57e9""",205 lbs.,36,122
0,Justin,"5' 10""",James,7,--,Orthodox,"1ea8df62b3f8fea6""",155 lbs.,13,123
1,Nate,"6' 0""",James,7,--,,"a34fecf2f4e5a317""",185 lbs.,13,124
0,Dave,"5' 9""",Jansen,3,"73.0""",Orthodox,"335ad945324c3a2e""",155 lbs.,15,125
0,Jaime,"6' 1""",Jara,10,--,Southpaw,"805ad1801eb26abb""",205 lbs.,32,126
2,Keith,"6' 2""",Jardine,10,"76.0""",Orthodox,"b9d0fd83bb8a147a""",185 lbs.,17,127
0,Rony,"5' 7""",Jason,7,"70.0""",Orthodox,"b71ce838b01f2cad""",145 lbs.,15,128
0,Joanna,"5' 6""",Jedrzejczyk,2,"65.0""",Orthodox,"3d6749c4267da18f""",115 lbs.,14,129
0,Bubba,"5' 7""",Jenkins,4,--,,"5e841bb3752b6e86""",145 lbs.,11,130
0,Sirwan,"5' 5""",Kakai,3,"66.0""",Orthodox,"2525a853486ee670""",135 lbs.,12,131
1,Bryson,"5' 11""",Kamaka,18,--,Orthodox,"9336e86cfd4ceaa1""",170 lbs.,12,132
0,Martin,"6' 0""",Kampmann,7,"72.0""",Orthodox,"8b69839f3555a67b""",170 lbs.,20,133
3,Hiromitsu,"5' 10""",Kanehara,24,--,Orthodox,"eda579d906cf0ca2""",200 lbs.,19,134
5,Masanori,"5' 7""",Kanehara,13,"67.0""",Orthodox,"f3a078277b3b8ff4""",135 lbs.,25,135
2,Denis,"5' 11""",Kang,15,"77.0""",Orthodox,"3c241737a6069b9f""",185 lbs.,34,136
0,Kyung,"5' 9""",Ho Kang,7,"72.0""",Orthodox,"a7897d200692ab64""",135 lbs.,14,137
1,Georgi,"5' 8""",Karakhanyan,4,--,,"43292ecf0e72c143""",145 lbs.,24,138
0,Alex,"5' 8""",Karalexis,6,"66.0""",Orthodox,"e361e5c858af6ff1""",155 lbs.,10,139
0,Tetsuji,--,Kato,10,--,Orthodox,"542db012217ecb83""",155 lbs.,20,140
0,Calvin,"5' 11""",Kattar,3,"72.0""",Orthodox,"751de04455cfaac0""",145 lbs.,18,141
0,Sarah,"5' 5""",Kaufman,4,"67.0""",Orthodox,"36df8e119aec6175""",135 lbs.,17,142
0,Yusuke,"6' 0""",Kawaguchi,4,--,,"fa2320781bfe4f49""",255 lbs.,13,143
2,Tatsuya,"5' 7""",Kawajiri,10,"69.0""",Orthodox,"80d918336163b80c""",145 lbs.,35,144
4,Ryo,"5' 11""",Kawamura,6,--,Orthodox,"9e91d7fd2720e241""",205 lbs.,12,145
0,Julie,"5' 5""",Kedzie,13,"64.0""",Orthodox,"981ab7a0576f76a0""",135 lbs.,16,146
0,Jeremiah,"5' 10""",Labiano,5,--,,"4fe1d105af549845""",135 lbs.,11,147
0,Ryan,"6' 1""",LaFlare,2,"74.0""",Southpaw,"4c7781da8c6cae93""",170 lbs.,13,148
0,Ricardo,"5' 8""",Lamas,6,"71.0""",Orthodox,"3974fa35c917af1d""",145 lbs.,18,149
0,Jason,"6' 3""",Lambert,12,"75.0""",Orthodox,"5be86bb2f78fef2f""",185 lbs.,25,150
0,Jose,"5' 11""",Landi-Jons,14,--,Orthodox,"7e062824c175f975""",170 lbs.,27,151
0,Jeremy,"5' 11""",Lang,2,--,Southpaw,"09422812370fbdfe""",205 lbs.,21,152
0,Chad,"5' 10""",Laprise,2,"71.0""",,"c03a5022f8439f2a""",170 lbs.,14,153
0,Anthony,"5' 9""",Lapsley,7,"71.0""",Southpaw,"f3a853544e4413c4""",170 lbs.,25,154
0,Lorenz,"5' 11""",Larkin,5,"72.0""",Orthodox,"9450848a71d53776""",170 lbs.,18,155
0,Brock,"5' 11""",Larson,6,"71.0""",Southpaw,"5eedbf1e9601be35""",170 lbs.,33,156
0,Jason,"6' 3""",MacDonald,16,"80.0""",Orthodox,"2be6596a9db33bf5""",185 lbs.,26,157
0,Rory,"6' 0""",MacDonald,4,"76.0""",Orthodox,"cbd5d3cdd862e90e""",170 lbs.,18,158
0,Lyoto,"6' 1""",Machida,8,"74.0""",Southpaw,"f7a7f7118d4b01b6""",185 lbs.,23,159
0,Jon,"5' 11""",Koppenhaver,4,--,Orthodox,"cd7bafbeee1f29a0""",170 lbs.,11,160
0,Anthony,"5' 9""",Macias,16,--,Switch,"dedc3bb440d09554""",185 lbs.,26,161
0,Reza,"5' 11""",Madadi,6,"72.0""",Orthodox,"e25bcbcdaf6537a1""",155 lbs.,14,162
2,Yoshiro,"5' 7""",Maeda,12,"68.0""",Southpaw,"a4bf17bd3ba3423b""",139 lbs.,28,163
0,Leonardo,"5' 10""",Mafra,3,"70.0""",Orthodox,"8bbc0cfc01bc1ba1""",155 lbs.,12,164
0,Vinny,"6' 3""",Magalhaes,7,"79.0""",Orthodox,"88a9bc81271ccd89""",205 lbs.,11,165
0,Angela,"5' 1""",Magana,9,"65.0""",,"bd878a638e0e3be3""",115 lbs.,11,166
0,Neil,"6' 3""",Magny,7,"80.0""",Orthodox,"84b3e7d38f2d2ec5""",170 lbs.,20,167
1,Ibragim,"6' 0""",Magomedov,7,--,Orthodox,"e7e970d508529bf3""",250 lbs.,22,168
2,Katsuhiko,"5' 7""",Nagata,7,--,Southpaw,"d5ae8074631762fc""",154 lbs.,6,169
2,Yukiya,"6' 1""",Naito,6,--,Orthodox,"7be328bb3c2ea22e""",205 lbs.,15,170
1,Rin,"5' 1""",Nakai,2,"60.0""",Orthodox,"f9ae6914f604aa9f""",135 lbs.,16,171
0,Kazuhiro,"5' 11""",Nakamura,11,"70.0""",Orthodox,"b034747dc1d15491""",205 lbs.,15,172
2,Keita,"5' 11""",Nakamura,8,"73.0""",Southpaw,"65ddc8a9ac4e8531""",170 lbs.,33,173
1,Daisuke,"5' 7""",Nakamura,13,--,Orthodox,"a196332ee4aa8a82""",154 lbs.,24,174
4,Jutaro,"5' 9""",Nakao,17,--,Southpaw,"95eb112a85601a0a""",170 lbs.,23,175
1,Yui Chul,"5' 9""",Nam,6,"69.0""",Orthodox,"a00ec21cfbba17b6""",145 lbs.,18,176
4,Yasuhito,"5' 9""",Namekawa,16,--,Orthodox,"6083f497c22cc075""",205 lbs.,25,177
0,Fabio,"5' 10""",Nascimento,5,--,Orthodox,"307064d3e0f036c2""",185 lbs.,11,178
1,Rafael,"6' 0""",Natal,9,"76.0""",Orthodox,"0dba4df5f34d5ff0""",185 lbs.,21,179
0,Danny,"5' 10""",Navarro,7,--,,"618f72750ec50b05""",155 lbs.,17,180
0,Marcio,"6' 0""",Navarro,14,--,,"52f7d300738961ac""",155 lbs.,14,181
0,Jake,"6' 3""",O'Brien,4,"76.0""",Orthodox,"20bcc9966affb19c""",205 lbs.,13,182
0,TJ,"6' 2""",O'Brien,5,--,Orthodox,"d25b93992f285953""",155 lbs.,16,183
0,Sean,"6' 1""",O'Connell,9,"74.0""",Orthodox,"cb52f9490c2dc069""",205 lbs.,17,184
0,Jeremiah,"5' 8""",O'Neal,25,--,,"338fda4ec7034c5d""",260 lbs.,13,185
1,Nobuhiro,"5' 8""",Obiya,5,--,Orthodox,"6e3282d57d2467a0""",145 lbs.,12,186
0,Volkan,"6' 2""",Oezdemir,2,"75.0""",Orthodox,"0845c81e37d3bcb3""",205 lbs.,15,187
0,Andy,"5' 8""",Ogle,6,"69.0""",Orthodox,"b6c4451cb13c9303""",145 lbs.,9,188
8,Koji,"5' 8""",Oishi,8,--,Orthodox,"01daf32100ed7517""",170 lbs.,21,189
0,Yushin,"6' 2""",Okami,11,"75.0""",Southpaw,"acff437707625fc7""",170 lbs.,35,190
0,Kazuki,"5' 11""",Okubo,9,--,Orthodox,"33454ad90754cb49""",175 lbs.,7,191
1,Aleksei,"6' 2""",Oleinik,11,"80.0""",Orthodox,"98c23cb6da5b3352""",240 lbs.,52,192
0,Michal,"6' 0""",Oleksiejczuk,2,"74.0""",Southpaw,"0d65c432720accb9""",205 lbs.,13,193
0,Rafaello,"5' 8""",Oliveira,7,"71.0""",Orthodox,"15b1b21cd743d652""",155 lbs.,15,194
0,George,"5' 7""",Pacurariu,5,--,,"c51da79b0346b5b7""",135 lbs.,10,195
0,Gary,"5' 11""",Padilla,6,--,,"01dd4cdc2446f665""",205 lbs.,12,196
0,Damacio,"5' 6""",Page,8,"66.0""",Orthodox,"c96e2ae6021144a1""",135 lbs.,12,197
0,Dustin,"5' 9""",Pague,10,"74.0""",Orthodox,"55f80a8aeffcdb33""",135 lbs.,11,198
0,Bart,"5' 9""",Palaszewski,17,"70.0""",Orthodox,"4304992c2acc187b""",145 lbs.,35,199
0,Soa,"6' 4""",Palelei,5,"81.0""",Orthodox,"60029bcf496bd707""",265 lbs.,22,200
0,Rousimar,"5' 8""",Palhares,5,"71.0""",Orthodox,"8ddf9c51c5fdea75""",170 lbs.,24,201
0,Tulio,--,Palhares,14,--,,"e8c170a64dc920ac""",180 lbs.,2,202
1,Stephen,"5' 4""",Palling,7,--,,"ab7c212de9f66af0""",143 lbs.,11,203
0,Eduardo,"5' 11""",Pamplona,3,--,,"f31c0905045fa100""",170 lbs.,15,204
0,Alexandre,"5' 5""",Pantoja,3,"67.0""",Orthodox,"a0f0004aadf10b71""",125 lbs.,18,205
0,Jared,"5' 8""",Papazian,9,"67.0""",Southpaw,"edad57b3dddf2168""",135 lbs.,14,206
0,Bryan,"6' 1""",Pardoe,16,--,Orthodox,"56116537d71a578c""",205 lbs.,12,207
1,Remco,"6' 3""",Pardoel,6,--,Southpaw,"749685d24e2cac50""",260 lbs.,9,208
0,Ido,"5' 8""",Pariente,5,--,Orthodox,"7573d25a078b5732""",155 lbs.,12,209
1,Bao,"5' 3""",Quach,10,--,Orthodox,"d365ee924f5cc3fc""",145 lbs.,18,210
0,Nate,"6' 0""",Quarry,4,"72.0""",Open Stance,"52cae54377b433b7""",185 lbs.,12,211
1,Ryan,"5' 8""",Quinn,7,--,,"cc23ed51619421a3""",145 lbs.,13,212
0,Benji,"5' 10""",Radach,7,--,Orthodox,"01b39decaf0abf6a""",185 lbs.,21,213
0,Jordan,"5' 7""",Radev,5,--,Southpaw,"45bc8f98d62bd096""",185 lbs.,23,214
0,Josh,"6' 0""",Rafferty,8,--,Orthodox,"ff2c606c8bc365e3""",170 lbs.,9,215
0,Amir,"6' 0""",Rahnavardi,10,--,Orthodox,"bc7f7f0ba3db74d2""",205 lbs.,11,216
0,Ricky,"6' 1""",Rainey,5,"77.0""",Switch,"9b1e3fb4f8cbd5b7""",170 lbs.,13,217
2,Luis,"5' 8""",Ramos,8,--,Orthodox,"7bc475b0fc2020ab""",170 lbs.,19,218
0,Kevin,"5' 10""",Randleman,16,--,Orthodox,"6859f67468ba8489""",205 lbs.,17,219
0,Bec,"5' 6""",Rawlings,8,"64.0""",Orthodox,"907e60fd13407e1e""",125 lbs.,7,220
0,Pete,--,Sabala,13,--,,"7956f026e2672c47""",135 lbs.,3,221
0,Frankie,"5' 6""",Saenz,5,"66.0""",Orthodox,"9ba2226646046b63""",135 lbs.,12,222
0,Tarec,"5' 10""",Saffiedine,7,"70.0""",Switch,"0749d968e932df53""",170 lbs.,16,223
0,Jason,"5' 11""",Saggo,4,"71.0""",Orthodox,"4ac1ecf8ce59ef23""",155 lbs.,12,224
0,Ovince,"6' 3""",Saint Preux,11,"80.0""",Southpaw,"50db8711c70196cd""",205 lbs.,22,225
0,Lukasz,"5' 8""",Sajewski,3,"71.0""",Orthodox,"fb41432b622992a9""",155 lbs.,13,226
0,Alessio,"6' 0""",Sakara,11,"72.0""",Orthodox,"7f955f71fa2ce7ac""",185 lbs.,19,227
0,Wataru,"5' 9""",Sakata,13,--,Southpaw,"d7907a9a968e4d29""",195 lbs.,11,228
1,Kazushi,"6' 0""",Sakuraba,16,--,Southpaw,"9b5b5a75523728f3""",185 lbs.,26,229
2,Hayato,"5' 7""",Sakurai,12,--,Orthodox,"85e26e2468b4e82f""",168 lbs.,36,230
6,Ryuta,"5' 7""",Sakurai,16,--,Orthodox,"ff9578cdbfabd323""",183 lbs.,22,231
0,Justin,"5' 8""",Salas,7,"70.0""",Southpaw,"9b198c73e3d0d289""",155 lbs.,12,232
0,Ivan,"6' 0""",Salaverry,8,--,Orthodox,"394f55ebca199124""",185 lbs.,13,233
0,Muslim,"5' 11""",Salikhov,2,"70.0""",Orthodox,"447f9858ae78f921""",170 lbs.,14,234
0,Sean,"5' 10""",Salmon,17,--,Southpaw,"7c0847d3854a95f2""",185 lbs.,18,235
1,Joe,"5' 4""",Taimanglo,7,--,,"9bf126927843e184""",135 lbs.,23,236
0,Mairbek,"5' 9""",Taisumov,5,"73.0""",Orthodox,"8f5c8850b2484173""",155 lbs.,26,237
3,Yoshiki,"5' 11""",Takahashi,25,--,Southpaw,"6420efac0578988b""",199 lbs.,29,238
2,Yoko,"5' 8""",Takahashi,12,--,,"01f86e2d604e2f3c""",150 lbs.,15,239
2,Daiju,"6' 0""",Takase,13,--,Southpaw,"4f74c8be51db8a37""",170 lbs.,9,240
1,Hiroyuki,"5' 6""",Takaya,10,--,Orthodox,"0d16bdb7d32e88e9""",139 lbs.,16,241
2,Oleg,"6' 0""",Taktarov,5,--,Orthodox,"1dc56b59cb28425d""",210 lbs.,17,242
0,Nordine,"6' 1""",Taleb,4,"74.0""",Orthodox,"49858bf46dabf6fb""",170 lbs.,14,243
3,Kiyoshi,"5' 11""",Tamura,13,--,Southpaw,"30e8b4505f5ccf92""",185 lbs.,32,244
2,Akitoshi,"5' 9""",Tamura,11,"70.0""",Orthodox,"c95fbc085e17a532""",135 lbs.,16,245
0,Evan,"6' 0""",Tanner,8,"74.0""",Orthodox,"8f2d9ee27f206f1f""",185 lbs.,32,246
1,Manny,"5' 5""",Tapia,4,"67.0""",Orthodox,"0eec866a077889f0""",135 lbs.,11,247
5,Ryuki,"5' 11""",Ueyama,13,--,Southpaw,"bcd124bcd3d5be46""",180 lbs.,11,248
1,Gasan,"5' 11""",Umalatov,5,"71.0""",Orthodox,"7a39bbac8cc0fa70""",170 lbs.,15,249
5,Caol,"5' 7""",Uno,15,"70.0""",Southpaw,"eb1723480fa2f96c""",155 lbs.,26,250
2,Kengo,"5' 9""",Ura,8,--,,"58258914525740a5""",165 lbs.,10,251
1,Hector,"5' 11""",Urbina,10,"73.0""",Orthodox,"4b8fb0453a596b8e""",170 lbs.,25,252
6,Yasuhiro,"5' 5""",Urushitani,6,--,Southpaw,"c34e5849184b08c3""",125 lbs.,19,253
0,Richie,"5' 6""",Vaculik,5,"69.0""",Orthodox,"54578e5927adea53""",125 lbs.,10,254
0,Egidijus,"6' 0""",Valavicius,9,--,Orthodox,"fc1868f56d3036eb""",200 lbs.,20,255
0,Charlie,"5' 3""",Valencia,7,"64.0""",Orthodox,"8a0be41c0380188d""",135 lbs.,12,256
2,Victor,"5' 10""",Valenzuela,6,--,,"de277a4abcfeea46""",155 lbs.,11,257
0,Victor,"6' 0""",Valimaki,8,--,Orthodox,"663b76da637402c3""",205 lbs.,16,258
1,Isaac,"5' 8""",Vallie-Flagg,6,"68.0""",Orthodox,"c295de4e10acd4c9""",155 lbs.,14,259
0,Paul,"6' 8""",Varelans,9,--,Orthodox,"07a18ae55dfc3cd9""",300 lbs.,9,260
1,Jamie,"5' 8""",Varner,11,"72.0""",Orthodox,"a54fc2d6fc224dc3""",155 lbs.,21,261
0,Linton,"6' 4""",Vassell,5,--,,"a148dfe3485be79d""",205 lbs.,18,262
0,Billy,"5' 6""",Vaughan,9,--,,"61428ed51f5ff465""",155 lbs.,11,263
0,Javier,"5' 7""",Vazquez,5,"69.0""",Southpaw,"be5cfd73617a5b1a""",145 lbs.,16,264
0,Matt,"5' 11""",Veach,4,--,Orthodox,"5731cc327790b731""",155 lbs.,15,265
0,Joe,"6' 0""",Vedepo,5,--,Orthodox,"d35c3ed553b71fa2""",185 lbs.,11,266
0,Cain,"6' 1""",Velasquez,2,"77.0""",Orthodox,"0ff11cc094e887bc""",240 lbs.,14,267
0,Chris,"5' 10""",Wade,3,"70.0""",Orthodox,"c8097968da5e5f13""",155 lbs.,12,268
0,TJ,"5' 11""",Waldburger,9,"75.0""",Orthodox,"8f2939f5fd9cca1e""",170 lbs.,16,269
0,Donny,"5' 9""",Walker,8,--,,"e6147d5ab3685899""",135 lbs.,15,270
1,Crafton,"6' 0""",Wallace,6,--,Orthodox,"bf41b5131545da12""",185 lbs.,18,271
1,Rodney,"5' 9""",Wallace,4,"72.0""",Switch,"b9415726dc3ec526""",205 lbs.,11,272
0,Randall,"5' 11""",Wallace,6,"73.0""",Orthodox,"95cf6be9071e68b0""",185 lbs.,15,273
0,Jimmy,"5' 10""",Wallhead,11,"73.0""",Orthodox,"0c670b443c3d269f""",170 lbs.,29,274
0,Richard,"6' 0""",Walsh,6,"73.0""",,"303a05a7aa3ff761""",170 lbs.,9,275
1,Andy,"5' 6""",Wang,8,--,Orthodox,"476414d2f18cd059""",155 lbs.,7,276
0,Brennan,"5' 10""",Ward,5,"71.0""",,"67cd6495280b0a57""",170 lbs.,14,277
1,Eddie,"5' 7""",Yagin,5,--,Orthodox,"cc84b68f862b466f""",145 lbs.,16,278
0,Rani,"5' 6""",Yahya,9,"67.0""",Orthodox,"94527830000ab715""",135 lbs.,25,279
1,Alexander,"6' 3""",Yakovlev,8,"74.0""",Southpaw,"d06f8869449ba7bd""",170 lbs.,23,280
10,Keiichiro,"5' 11""",Yamamiya,27,--,Southpaw,"6014d25e73b669c9""",185 lbs.,40,281
2,Kenichi,"6' 0""",Yamamoto,10,--,Orthodox,"9f488f520ed25bbf""",170 lbs.,5,282
1,Yoshihisa,"6' 2""",Yamamoto,24,--,Southpaw,"eed2b71d77d95416""",220 lbs.,14,283
3,Atsushi,"5' 6""",Yamamoto,7,--,Orthodox,"351264d11286d09a""",139 lbs.,15,284
0,Norifumi,"5' 4""",Yamamoto,6,"66.0""",Southpaw,"4834ff149dc9542a""",135 lbs.,18,285
0,Hiroko,"5' 11""",Yamanaka,3,--,,"283645128ae57eda""",135 lbs.,12,286
0,Goiti,"5' 10""",Yamauchi,3,--,,"9e1a7101fefe9746""",145 lbs.,21,287
3,Takeshi,"5' 8""",Yamazaki,12,--,Southpaw,"d1d20e651e6cbc02""",139 lbs.,15,288
0,Dongi,"5' 10""",Yang,3,"71.0""",Southpaw,"aed06011bf62237b""",185 lbs.,13,289
0,Hirotaka,"5' 11""",Yokoi,5,--,Orthodox,"35585d970300d45a""",205 lbs.,11,290
0,Luke,"6' 2""",Zachrich,4,"74.0""",Orthodox,"2284092f8b63273b""",185 lbs.,14,291
0,Elizeu,"5' 11""",Zaleski dos Santos,5,"73.0""",Orthodox,"8adcbd525fab8d9b""",170 lbs.,18,292
0,Marius,"5' 9""",Zaromskis,7,--,Orthodox,"abcf7e55a0a9ed89""",170 lbs.,15,293
0,Joao,"5' 11""",Zeferino,6,"73.0""",Orthodox,"be4076c9e8d791e3""",170 lbs.,13,294
0,Roman,"6' 1""",Zentsov,13,--,Orthodox,"3144121470023e9a""",230 lbs.,18,295
0,Tiequan,"5' 8""",Zhang,4,"70.0""",Orthodox,"c23e3d4875340d8d""",155 lbs.,18,296
1,Zhang,"5' 11""",Lipeng,9,"71.0""",Southpaw,"7b310409440c9102""",155 lbs.,9,297
2,James,"6' 2""",Zikic,8,--,Orthodox,"4b4fc3ddc307bc73""",205 lbs.,20,298
1,Virgil,"6' 2""",Zwicker,4,"74.0""",,"0c277f3ff66b0208""",205 lbs.,14,299
